<?xml version="1.0" encoding="UTF-8"?>
<project-private xmlns="http://www.netbeans.org/ns/project-private/1">
    <editor-bookmarks xmlns="http://www.netbeans.org/ns/editor-bookmarks/2" lastBookmarkId="0"/>
    <open-files xmlns="http://www.netbeans.org/ns/projectui-open-files/2">
        <group>
            <file>file:/C:/Users/Namrata/Documents/NetBeansProjects/Nam/public_html/index.html</file>
            <file>file:/C:/Users/Namrata/Documents/NetBeansProjects/Nam/public_html/addEmp.html</file>
            <file>file:/C:/Users/Namrata/Documents/NetBeansProjects/Nam/public_html/updateEmp.html</file>
            <file>file:/C:/Users/Namrata/Documents/NetBeansProjects/Nam/gulpfile.js</file>
            <file>file:/C:/Users/Namrata/Documents/NetBeansProjects/Nam/public_html/deleteEmp.html</file>
            <file>file:/C:/Users/Namrata/Documents/NetBeansProjects/Nam/public_html/getAllEmp.html</file>
            <file>file:/C:/Users/Namrata/Documents/NetBeansProjects/Nam/bower.json</file>
            <file>file:/C:/Users/Namrata/Documents/NetBeansProjects/Nam/.bowerrc</file>
            <file>file:/C:/Users/Namrata/Documents/NetBeansProjects/Nam/package.json</file>
            <file>file:/C:/Users/Namrata/Documents/NetBeansProjects/Nam/Gruntfile.js</file>
        </group>
    </open-files>
</project-private>
